Tejas,0,09/20/2017,09/20/2017,1,Samsjfdvhbksdvbh,tejas@apicalin.com,9876543210,Admin,Sales,0
Tejas,0,09/20/2017,09/20/2017,1,Samsjfdvhbksdvbh,tejas@apicalin.com,9876543210,Admin,Sales,0
,0,09/20/2017,09/20/2017,1,Samsjfdvhbksdvbh,,9876543210,Admin,Sales,0
Tejas,0,09/20/2017,09/20/2017,1,Samsjfdvhbksdvbh,tejas@apicalin.com,9876543210,Admin,Sales,0
Tejas,0,09/20/2017,09/20/2017,1,Samsjfdvhbksdvbh,tejas@apicalin.com,9876543210,Admin,Sales,0
Tejas,0,09/20/2017,09/20/2017,1,Samsjfdvhbksdvbh,tejas@apicalin.com,9876543210,Admin,Sales,0
Tejas,0,09/20/2017,09/20/2017,1,Samsjfdvhbksdvbh,tejas@apicalin.com,9876543210,Admin,Sales,0
Tejas,0,09/20/2017,09/20/2017,1,Samsjfdvhbksdvbh,tejas@apicalin.com,9876543210,Admin,Sales,0
Tejas,0,09/20/2017,09/20/2017,1,Samsjfdvhbksdvbh,tejas@apicalin.com,9876543210,Admin,Sales,0
Tejas,0,09/20/2017,09/20/2017,1,Samsjfdvhbksdvbh,tejas@apicalin.com,9876543210,Admin,Sales,0
Tejas,0,09/20/2017,09/20/2017,1,Samsjfdvhbksdvbh,,9876543210,Admin,Sales,0
Tejas,0,09/20/2017,09/20/2017,1,Samsjfdvhbksdvbh,tejas@apicalin.com,9876543210,Admin,Sales,0
Tejas,0,09/20/2017,09/20/2017,1,Samsjfdvhbksdvbh,tejas@apicalin.com,9876543210,Admin,Sales,0
